training_method,model_name,train_samples,valid_samples,dataset_fraction,f1_score,exact_match,eval_loss,training_time_hours,duration_hours,emissions_kg,emissions_rate_kg_per_s,energy_consumed_kwh,cpu_energy_kwh,gpu_energy_kwh,ram_energy_kwh,cpu_power_w,gpu_power_w,ram_power_w,cpu_model,cpu_count,gpu_model,gpu_count,ram_total_size_gb,country_name,region,pue
Full Fine-Tuning,gpt2,32579,11873,0.25,0.175239632,0.7058030826,,0.16431975,0.1644739178,0.02311466327,3.90E-05,0.04909833887,0.006988707252,0.0338878935,0.008221738116,42.5,62.8053942,50,Intel(R) Xeon(R) CPU @ 2.20GHz,12,1 x NVIDIA A100-SXM4-80GB,1,167.0517883,Singapore,,1
Full Fine-Tuning,gpt2,65159,11873,0.5,0.1603085307,0.5398804009,,0.3089245556,0.3090814083,0.04477238328,4.02E-05,0.09510195415,0.01313329057,0.0665182071,0.01545045648,42.5,66.5940657,50,Intel(R) Xeon(R) CPU @ 2.20GHz,12,1 x NVIDIA A100-SXM4-80GB,1,167.0517883,Singapore,,1
Full Fine-Tuning,gpt2,104255,11873,0.8,0.1574959857,0.4775541144,,0.4830261667,0.4831803732,0.07069131345,4.06E-05,0.1501568949,0.02053102949,0.1054724791,0.02415338631,42.5,136.9340509,50,Intel(R) Xeon(R) CPU @ 2.20GHz,12,1 x NVIDIA A100-SXM4-80GB,1,167.0517883,Singapore,,1